{"cameraMode":{"drawMode":0,"name":"Shaded","section":"Shading Mode"},"sceneLighting":true,"audioPlay":false,"sceneViewState":{"m_AlwaysRefresh":false,"showFog":true,"showSkybox":true,"showFlares":true,"showImageEffects":true,"showParticleSystems":true,"showVisualEffectGraphs":true,"m_FxEnabled":true},"in2DMode":false,"pivot":{"x":15.10001277923584,"y":-6.331534385681152,"z":-35.335304260253909},"rotation":{"x":0.0035761957988142969,"y":0.9963129162788391,"z":-0.05266404524445534,"w":0.06765467673540116},"size":10.407719612121582,"orthographic":false}